Category,Position
Forests,Resilience Forestry
Forests,Renewing Forests with Fire
Forests,NCS Mitigation and Carbon Projects
Forests,Forest Protection
Grasslands,Grassland and Wetland Protection
Grasslands,Resilient Grassland and Wetland Management
Grasslands,Grassland and Wetland Reconstruction
Grasslands,Supporting Regenerative Grazing Lands
Grasslands,Connecting People to Nature
Grasslands,Sustainable Aviation Fuel
Freshwater,Stream and Riparian Restoration
Freshwater,River Reconnection
Freshwater,Water and Shoreline Protection
Freshwater,Wetland and Peatland Restoration
Freshwater,Wild Rice Conservation
General Science,Metrics
General Science,Science Communication
General Science,Data Management & Geospatial Support
General Science,Public Funding Support
General Science,Sustainability
General Science,Conservation Planning Support
General Science,Climate Adaptation Planning
General Science,Research Permits
